date,passengers,year
2019-01-01,2201765,2019
2019-01-02,2424225,2019
2019-01-03,2279384,2019
2019-01-04,2230078,2019
2019-01-05,2049460,2019
2019-01-06,2299648,2019
2019-01-07,2119879,2019
2019-01-08,1805496,2019
2019-01-09,1811152,2019
2019-01-10,2029644,2019
2019-01-11,2046974,2019
2019-01-12,1671503,2019
2019-01-13,2042237,2019
2019-01-14,1959989,2019
2019-01-15,1674596,2019
2019-01-16,1856214,2019
2019-01-17,2217324,2019
2019-01-18,2350565,2019
2019-01-19,1665747,2019
2019-01-20,1845674,2019
2019-01-21,2254626,2019
2019-01-22,1877634,2019
2019-01-23,1837029,2019
2019-01-24,2067422,2019
2019-01-25,2131407,2019
2019-01-26,1637770,2019
2019-01-27,2084603,2019
2019-01-28,1938084,2019
2019-01-29,1605701,2019
2019-01-30,1664554,2019
2019-01-31,2014515,2019
2019-02-01,2155740,2019
2019-02-02,1658417,2019
2019-02-03,1861198,2019
2019-02-04,2079030,2019
2019-02-05,1725457,2019
2019-02-06,1828932,2019
2019-02-07,2140678,2019
2019-02-08,2214249,2019
2019-02-09,1715486,2019
2019-02-10,2179046,2019
2019-02-11,2133170,2019
2019-02-12,1695994,2019
2019-02-13,2030560,2019
2019-02-14,2306090,2019
2019-02-15,2444760,2019
2019-02-16,1923760,2019
2019-02-17,2150695,2019
2019-02-18,2477521,2019
2019-02-19,2178494,2019
2019-02-20,2023523,2019
2019-02-21,2353953,2019
2019-02-22,2416293,2019
2019-02-23,1917781,2019
2019-02-24,2274850,2019
2019-02-25,2240859,2019
2019-02-26,1937469,2019
2019-02-27,2090089,2019
2019-02-28,2381453,2019
2019-03-01,2431311,2019
2019-03-02,1954068,2019
2019-03-03,2302852,2019
2019-03-04,2258980,2019
2019-03-05,1980296,2019
2019-03-06,2148953,2019
2019-03-07,2404944,2019
2019-03-08,2544987,2019
2019-03-09,2156725,2019
2019-03-10,2486948,2019
2019-03-11,2380467,2019
2019-03-12,2123988,2019
2019-03-13,2187792,2019
2019-03-14,2505399,2019
2019-03-15,2634942,2019
2019-03-16,2275192,2019
2019-03-17,2546404,2019
2019-03-18,2466739,2019
2019-03-19,2191683,2019
2019-03-20,2320885,2019
2019-03-21,2513231,2019
2019-03-22,2559307,2019
2019-03-23,2227181,2019
2019-03-24,2542643,2019
2019-03-25,2434370,2019
2019-03-26,2151913,2019
2019-03-27,2273811,2019
2019-03-28,2487162,2019
2019-03-29,2538384,2019
2019-03-30,2172920,2019
2019-03-31,2510294,2019
2019-04-01,2360053,2019
2019-04-02,2026256,2019
2019-04-03,2151626,2019
2019-04-04,2411500,2019
2019-04-05,2476884,2019
2019-04-06,2011715,2019
2019-04-07,2462929,2019
2019-04-08,2384091,2019
2019-04-09,2091056,2019
2019-04-10,2229276,2019
2019-04-11,2487398,2019
2019-04-12,2590499,2019
2019-04-13,2059142,2019
2019-04-14,2446801,2019
2019-04-15,2484580,2019
2019-04-16,2208688,2019
2019-04-17,2317381,2019
2019-04-18,2616158,2019
2019-04-19,2457133,2019
2019-04-20,1988205,2019
2019-04-21,2356802,2019
2019-04-22,2594171,2019
2019-04-23,2227475,2019
2019-04-24,2254209,2019
2019-04-25,2526961,2019
2019-04-26,2521897,2019
2019-04-27,1990464,2019
2019-04-28,2506809,2019
2019-04-29,2412770,2019
2019-04-30,2102068,2019
2019-05-01,2256442,2019
2019-05-02,2499461,2019
2019-05-03,2546029,2019
2019-05-04,1968278,2019
2019-05-05,2512598,2019
2019-05-06,2470969,2019
2019-05-07,2106597,2019
2019-05-08,2270662,2019
2019-05-09,2555342,2019
2019-05-10,2602631,2019
2019-05-11,1985942,2019
2019-05-12,2419114,2019
2019-05-13,2512315,2019
2019-05-14,2191387,2019
2019-05-15,2343675,2019
2019-05-16,2611324,2019
2019-05-17,2664549,2019
2019-05-18,2091116,2019
2019-05-19,2620276,2019
2019-05-20,2615691,2019
2019-05-21,2312727,2019
2019-05-22,2472123,2019
2019-05-23,2673635,2019
2019-05-24,2792670,2019
2019-05-25,2124825,2019
2019-05-26,2070716,2019
2019-05-27,2512237,2019
2019-05-28,2453649,2019
2019-05-29,2269035,2019
2019-05-30,2485770,2019
2019-05-31,2570613,2019
2019-06-01,2117180,2019
2019-06-02,2555578,2019
2019-06-03,2499002,2019
2019-06-04,2247421,2019
2019-06-05,2370152,2019
2019-06-06,2623947,2019
2019-06-07,2649808,2019
2019-06-08,2225952,2019
2019-06-09,2669860,2019
2019-06-10,2644981,2019
2019-06-11,2433189,2019
2019-06-12,2509058,2019
2019-06-13,2675686,2019
2019-06-14,2727860,2019
2019-06-15,2318946,2019
2019-06-16,2642083,2019
2019-06-17,2699580,2019
2019-06-18,2466574,2019
2019-06-19,2552395,2019
2019-06-20,2728786,2019
2019-06-21,2772903,2019
2019-06-22,2378559,2019
2019-06-23,2719643,2019
2019-06-24,2716428,2019
2019-06-25,2506510,2019
2019-06-26,2594661,2019
2019-06-27,2711222,2019
2019-06-28,2730515,2019
2019-06-29,2368846,2019
2019-06-30,2632030,2019
2019-07-01,2455536,2019
2019-07-02,2347767,2019
2019-07-03,2547889,2019
2019-07-04,2088760,2019
2019-07-05,2184253,2019
2019-07-06,2345846,2019
2019-07-07,2795369,2019
2019-07-08,2748718,2019
2019-07-09,2506859,2019
2019-07-10,2515902,2019
2019-07-11,2608209,2019
2019-07-12,2716812,2019
2019-07-13,2312178,2019
2019-07-14,2669717,2019
2019-07-15,2615115,2019
2019-07-16,2447177,2019
2019-07-17,2522563,2019
2019-07-18,2716828,2019
2019-07-19,2776960,2019
2019-07-20,2396462,2019
2019-07-21,2727355,2019
2019-07-22,2635312,2019
2019-07-23,2499460,2019
2019-07-24,2561911,2019
2019-07-25,2705399,2019
2019-07-26,2732770,2019
2019-07-27,2364925,2019
2019-07-28,2700723,2019
2019-07-29,2613346,2019
2019-07-30,2438967,2019
2019-07-31,2542365,2019
2019-08-01,2742882,2019
2019-08-02,2730936,2019
2019-08-03,2367967,2019
2019-08-04,2688640,2019
2019-08-05,2619406,2019
2019-08-06,2387115,2019
2019-08-07,2430094,2019
2019-08-08,2707986,2019
2019-08-09,2725000,2019
2019-08-10,2290340,2019
2019-08-11,2647897,2019
2019-08-12,2567986,2019
2019-08-13,2306829,2019
2019-08-14,2391906,2019
2019-08-15,2602446,2019
2019-08-16,2627564,2019
2019-08-17,2171962,2019
2019-08-18,2584444,2019
2019-08-19,2576965,2019
2019-08-20,2247446,2019
2019-08-21,2306838,2019
2019-08-22,2533184,2019
2019-08-23,2559244,2019
2019-08-24,2039233,2019
2019-08-25,2493162,2019
2019-08-26,2358007,2019
2019-08-27,2015088,2019
2019-08-28,2188688,2019
2019-08-29,2561109,2019
2019-08-30,2658558,2019
2019-08-31,1954902,2019
2019-09-01,1887845,2019
2019-09-02,2278159,2019
2019-09-03,2037750,2019
2019-09-04,1889044,2019
2019-09-05,2109858,2019
2019-09-06,2198828,2019
2019-09-07,1755502,2019
2019-09-08,2370003,2019
2019-09-09,2292985,2019
2019-09-10,1943379,2019
2019-09-11,2005867,2019
2019-09-12,2449302,2019
2019-09-13,2484025,2019
2019-09-14,1879822,2019
2019-09-15,2485134,2019
2019-09-16,2405832,2019
2019-09-17,2013050,2019
2019-09-18,2146857,2019
2019-09-19,2455410,2019
2019-09-20,2571924,2019
2019-09-21,1938402,2019
2019-09-22,2524397,2019
2019-09-23,2431388,2019
2019-09-24,2033490,2019
2019-09-25,2188236,2019
2019-09-26,2510926,2019
2019-09-27,2547611,2019
2019-09-28,1966234,2019
2019-09-29,2452596,2019
2019-09-30,2368818,2019
2019-10-01,1998980,2019
2019-10-02,2082179,2019
2019-10-03,2447687,2019
2019-10-04,2526835,2019
2019-10-05,1921185,2019
2019-10-06,2542118,2019
2019-10-07,2400153,2019
2019-10-08,2035628,2019
2019-10-09,2215233,2019
2019-10-10,2605291,2019
2019-10-11,2688032,2019
2019-10-12,2074718,2019
2019-10-13,2555333,2019
2019-10-14,2616771,2019
2019-10-15,2313632,2019
2019-10-16,2317763,2019
2019-10-17,2581007,2019
2019-10-18,2637667,2019
2019-10-19,2049855,2019
2019-10-20,2606266,2019
2019-10-21,2514673,2019
2019-10-22,2126637,2019
2019-10-23,2245199,2019
2019-10-24,2541581,2019
2019-10-25,2594337,2019
2019-10-26,1931971,2019
2019-10-27,2478287,2019
2019-10-28,2347017,2019
2019-10-29,1910506,2019
2019-10-30,2066516,2019
2019-10-31,2047910,2019
2019-11-01,2319906,2019
2019-11-02,1836781,2019
2019-11-03,2459525,2019
2019-11-04,2403304,2019
2019-11-05,2005101,2019
2019-11-06,2147882,2019
2019-11-07,2507365,2019
2019-11-08,2617031,2019
2019-11-09,1970562,2019
2019-11-10,2425615,2019
2019-11-11,2465392,2019
2019-11-12,2150003,2019
2019-11-13,2072207,2019
2019-11-14,2364920,2019
2019-11-15,2437211,2019
2019-11-16,1807230,2019
2019-11-17,2396681,2019
2019-11-18,2298856,2019
2019-11-19,1900895,2019
2019-11-20,2071631,2019
2019-11-21,2428095,2019
2019-11-22,2550459,2019
2019-11-23,2194291,2019
2019-11-24,2321546,2019
2019-11-25,2254188,2019
2019-11-26,2435170,2019
2019-11-27,2624250,2019
2019-11-28,1591158,2019
2019-11-29,1968137,2019
2019-11-30,2648268,2019
2019-12-01,2882915,2019
2019-12-02,2591470,2019
2019-12-03,2280403,2019
2019-12-04,2122576,2019
2019-12-05,2333173,2019
2019-12-06,2348822,2019
2019-12-07,1816896,2019
2019-12-08,2359385,2019
2019-12-09,2296732,2019
2019-12-10,1964234,2019
2019-12-11,2088451,2019
2019-12-12,2433028,2019
2019-12-13,2459107,2019
2019-12-14,1954965,2019
2019-12-15,2367915,2019
2019-12-16,2320721,2019
2019-12-17,2076328,2019
2019-12-18,2304407,2019
2019-12-19,2544637,2019
2019-12-20,2681695,2019
2019-12-21,2557988,2019
2019-12-22,2589688,2019
2019-12-23,2562555,2019
2019-12-24,2042078,2019
2019-12-25,1996541,2019
2019-12-26,2623113,2019
2019-12-27,2654247,2019
2019-12-28,2540383,2019
2019-12-29,2647034,2019
2019-12-30,2572305,2019
2019-12-31,2073706,2019
2020-01-01,2196916,2020
2020-01-02,2461726,2020
2020-01-03,2381987,2020
2020-01-04,2244162,2020
2020-01-05,2491894,2020
2020-01-06,2280882,2020
2020-01-07,1871059,2020
2020-01-08,1880834,2020
2020-01-09,2102860,2020
2020-01-10,2142463,2020
2020-01-11,1749697,2020
2020-01-12,2253585,2020
2020-01-13,2060378,2020
2020-01-14,1756374,2020
2020-01-15,1943701,2020
2020-01-16,2312979,2020
2020-01-17,2418305,2020
2020-01-18,1844437,2020
2020-01-19,2064997,2020
2020-01-20,2367538,2020
2020-01-21,1936023,2020
2020-01-22,1867782,2020
2020-01-23,2169321,2020
2020-01-24,2215449,2020
2020-01-25,1705850,2020
2020-01-26,2203488,2020
2020-01-27,2073819,2020
2020-01-28,1707733,2020
2020-01-29,1842526,2020
2020-01-30,2154295,2020
2020-01-31,2229563,2020
2020-02-01,1719082,2020
2020-02-02,2011645,2020
2020-02-03,2123304,2020
2020-02-04,1742605,2020
2020-02-05,1843877,2020
2020-02-06,2167857,2020
2020-02-07,2271551,2020
2020-02-08,1770241,2020
2020-02-09,2224826,2020
2020-02-10,2164951,2020
2020-02-11,1814047,2020
2020-02-12,2038375,2020
2020-02-13,2415185,2020
2020-02-14,2507588,2020
2020-02-15,1972248,2020
2020-02-16,2198657,2020
2020-02-17,2494922,2020
2020-02-18,2190300,2020
2020-02-19,2129862,2020
2020-02-20,2358511,2020
2020-02-21,2429489,2020
2020-02-22,1951535,2020
2020-02-23,2380359,2020
2020-02-24,2267382,2020
2020-02-25,1919803,2020
2020-02-26,2075554,2020
2020-02-27,2364727,2020
2020-02-28,2441643,2020
2020-02-29,1949696,2020
2020-03-01,2353150,2020
2020-03-02,2163067,2020
2020-03-03,1806256,2020
2020-03-04,1953782,2020
2020-03-05,2203821,2020
2020-03-06,2274787,2020
2020-03-07,1913768,2020
2020-03-08,2189961,2020
2020-03-09,1982627,2020
2020-03-10,1686927,2020
2020-03-11,1774150,2020
2020-03-12,1860802,2020
2020-03-13,1785451,2020
2020-03-14,1549429,2020
2020-03-15,1585264,2020
2020-03-16,1325097,2020
2020-03-17,1029164,2020
2020-03-18,847827,2020
2020-03-19,694364,2020
2020-03-20,669314,2020
2020-03-21,608846,2020
2020-03-22,510881,2020
2020-03-23,388154,2020
2020-03-24,330808,2020
2020-03-25,288459,2020
2020-03-26,252039,2020
2020-03-27,244702,2020
2020-03-28,226850,2020
2020-03-29,223165,2020
2020-03-30,197539,2020
2020-03-31,190163,2020
2020-04-01,176239,2020
2020-04-02,160826,2020
2020-04-03,166046,2020
2020-04-04,151716,2020
2020-04-05,156759,2020
2020-04-06,142138,2020
2020-04-07,126847,2020
2020-04-08,123522,2020
2020-04-09,132378,2020
2020-04-10,137131,2020
2020-04-11,119155,2020
2020-04-12,116399,2020
2020-04-13,129582,2020
2020-04-14,113147,2020
2020-04-15,115294,2020
2020-04-16,119067,2020
2020-04-17,130512,2020
2020-04-18,119121,2020
2020-04-19,128831,2020
2020-04-20,123081,2020
2020-04-21,114969,2020
2020-04-22,121886,2020
2020-04-23,135267,2020
2020-04-24,147394,2020
2020-04-25,130319,2020
2020-04-26,151489,2020
2020-04-27,143129,2020
2020-04-28,133570,2020
2020-04-29,142801,2020
2020-04-30,179226,2020
2020-05-01,197509,2020
2020-05-02,154946,2020
2020-05-03,192411,2020
2020-05-04,185877,2020
2020-05-05,149037,2020
2020-05-06,159615,2020
2020-05-07,211459,2020
2020-05-08,236617,2020
2020-05-09,187868,2020
2020-05-10,220928,2020
2020-05-11,236767,2020
2020-05-12,181660,2020
2020-05-13,199090,2020
2020-05-14,256056,2020
2020-05-15,272250,2020
2020-05-16,213026,2020
2020-05-17,276409,2020
2020-05-18,267220,2020
2020-05-19,209801,2020
2020-05-20,251460,2020
2020-05-21,342995,2020
2020-05-22,373069,2020
2020-05-23,273131,2020
2020-05-24,289435,2020
2020-05-25,364592,2020
2020-05-26,286142,2020
2020-05-27,283387,2020
2020-05-28,345958,2020
2020-05-29,352970,2020
2020-05-30,292702,2020
2020-05-31,377409,2020
2020-06-01,379146,2020
2020-06-02,289197,2020
2020-06-03,326891,2020
2020-06-04,418820,2020
2020-06-05,446140,2020
2020-06-06,376823,2020
2020-06-07,468465,2020
2020-06-08,458552,2020
2020-06-09,363854,2020
2020-06-10,413090,2020
2020-06-11,531092,2020
2020-06-12,548394,2020
2020-06-13,463244,2020
2020-06-14,573722,2020
2020-06-15,565170,2020
2020-06-16,444922,2020
2020-06-17,469224,2020
2020-06-18,607355,2020
2020-06-19,618968,2020
2020-06-20,536012,2020
2020-06-21,621523,2020
2020-06-22,639816,2020
2020-06-23,499884,2020
2020-06-24,525061,2020
2020-06-25,655228,2020
2020-06-26,664665,2020
2020-06-27,575227,2020
2020-06-28,662853,2020
2020-06-29,657778,2020
2020-06-30,530448,2020
2020-07-01,659820,2020
2020-07-02,800456,2020
2020-07-03,752884,2020
2020-07-04,495309,2020
2020-07-05,767395,2020
2020-07-06,793785,2020
2020-07-07,678147,2020
2020-07-08,669730,2020
2020-07-09,751153,2020
2020-07-10,752434,2020
2020-07-11,696262,2020
2020-07-12,796350,2020
2020-07-13,738985,2020
2020-07-14,579774,2020
2020-07-15,626707,2020
2020-07-16,747054,2020
2020-07-17,761376,2020
2020-07-18,685084,2020
2020-07-19,788109,2020
2020-07-20,737239,2020
2020-07-21,567459,2020
2020-07-22,609254,2020
2020-07-23,746766,2020
2020-07-24,767540,2020
2020-07-25,687244,2020
2020-07-26,790716,2020
2020-07-27,740892,2020
2020-07-28,573466,2020
2020-07-29,612033,2020
2020-07-30,758065,2020
2020-07-31,810309,2020
2020-08-01,749886,2020
2020-08-02,841585,2020
2020-08-03,781705,2020
2020-08-04,583261,2020
2020-08-05,638378,2020
2020-08-06,787584,2020
2020-08-07,806204,2020
2020-08-08,723834,2020
2020-08-09,875129,2020
2020-08-10,806300,2020
2020-08-11,598854,2020
2020-08-12,630650,2020
2020-08-13,805456,2020
2020-08-14,827588,2020
2020-08-15,730296,2020
2020-08-16,905182,2020
2020-08-17,818133,2020
2020-08-18,604934,2020
2020-08-19,627140,2020
2020-08-20,815710,2020
2020-08-21,808086,2020
2020-08-22,665145,2020
2020-08-23,884572,2020
2020-08-24,771014,2020
2020-08-25,562515,2020
2020-08-26,578447,2020
2020-08-27,766347,2020
2020-08-28,783647,2020
2020-08-29,631636,2020
2020-08-30,850262,2020
2020-08-31,756726,2020
2020-09-01,554679,2020
2020-09-02,617448,2020
2020-09-03,920650,2020
2020-09-04,1011740,2020
2020-09-05,700693,2020
2020-09-06,730258,2020
2020-09-07,975969,2020
2020-09-08,742411,2020
2020-09-09,654713,2020
2020-09-10,795943,2020
2020-09-11,772564,2020
2020-09-12,650936,2020
2020-09-13,850789,2020
2020-09-14,770933,2020
2020-09-15,557373,2020
2020-09-16,614309,2020
2020-09-17,827439,2020
2020-09-18,853578,2020
2020-09-19,676079,2020
2020-09-20,888597,2020
2020-09-21,812782,2020
2020-09-22,586414,2020
2020-09-23,645143,2020
2020-09-24,868664,2020
2020-09-25,887865,2020
2020-09-26,695777,2020
2020-09-27,912853,2020
2020-09-28,839120,2020
2020-09-29,605277,2020
2020-09-30,673484,2020
2020-10-01,898999,2020
2020-10-02,899602,2020
2020-10-03,713537,2020
2020-10-04,940229,2020
2020-10-05,857900,2020
2020-10-06,624953,2020
2020-10-07,705110,2020
2020-10-08,979780,2020
2020-10-09,1012171,2020
2020-10-10,807471,2020
2020-10-11,1025511,2020
2020-10-12,1000148,2020
2020-10-13,716582,2020
2020-10-14,755121,2020
2020-10-15,993602,2020
2020-10-16,1015559,2020
2020-10-17,827049,2020
2020-10-18,1073202,2020
2020-10-19,963188,2020
2020-10-20,699330,2020
2020-10-21,732146,2020
2020-10-22,978486,2020
2020-10-23,1002285,2020
2020-10-24,795028,2020
2020-10-25,1024734,2020
2020-10-26,940208,2020
2020-10-27,684389,2020
2020-10-28,705190,2020
2020-10-29,914353,2020
2020-10-30,934827,2020
2020-10-31,652126,2020
2020-11-01,978012,2020
2020-11-02,885858,2020
2020-11-03,610286,2020
2020-11-04,673086,2020
2020-11-05,906892,2020
2020-11-06,937619,2020
2020-11-07,728410,2020
2020-11-08,1018164,2020
2020-11-09,880911,2020
2020-11-10,634852,2020
2020-11-11,713636,2020
2020-11-12,912775,2020
2020-11-13,926908,2020
2020-11-14,737242,2020
2020-11-15,1024079,2020
2020-11-16,888924,2020
2020-11-17,613745,2020
2020-11-18,704044,2020
2020-11-19,909515,2020
2020-11-20,1027055,2020
2020-11-21,987446,2020
2020-11-22,1049921,2020
2020-11-23,919387,2020
2020-11-24,959178,2020
2020-11-25,1074824,2020
2020-11-26,562697,2020
2020-11-27,821789,2020
2020-11-28,966412,2020
2020-11-29,1179933,2020
2020-11-30,986538,2020
2020-12-01,783563,2020
2020-12-02,672765,2020
2020-12-03,779941,2020
2020-12-04,795221,2020
2020-12-05,669579,2020
2020-12-06,878711,2020
2020-12-07,745818,2020
2020-12-08,537445,2020
2020-12-09,601319,2020
2020-12-10,795786,2020
2020-12-11,831174,2020
2020-12-12,702110,2020
2020-12-13,906851,2020
2020-12-14,794950,2020
2020-12-15,617134,2020
2020-12-16,679523,2020
2020-12-17,901503,2020
2020-12-18,1121876,2020
2020-12-19,1121855,2020
2020-12-20,1111609,2020
2020-12-21,1002953,2020
2020-12-22,1043366,2020
2020-12-23,1244556,2020
2020-12-24,885065,2020
2020-12-25,683838,2020
2020-12-26,1181793,2020
2020-12-27,1334030,2020
2020-12-28,1161059,2020
2020-12-29,1069787,2020
2020-12-30,1215423,2020
2020-12-31,914456,2020
2021-01-01,849514,2021
2021-01-02,1246953,2021
2021-01-03,1381448,2021
2021-01-04,1130546,2021
2021-01-05,807837,2021
2021-01-06,705249,2021
2021-01-07,814928,2021
2021-01-08,816271,2021
2021-01-09,750419,2021
2021-01-10,929661,2021
2021-01-11,750407,2021
2021-01-12,557517,2021
2021-01-13,605887,2021
2021-01-14,848662,2021
2021-01-15,945703,2021
2021-01-16,729703,2021
2021-01-17,852305,2021
2021-01-18,921897,2021
2021-01-19,597159,2021
2021-01-20,581771,2021
2021-01-21,772086,2021
2021-01-22,799000,2021
2021-01-23,644793,2021
2021-01-24,882180,2021
2021-01-25,744876,2021
2021-01-26,508467,2021
2021-01-27,574099,2021
2021-01-28,794944,2021
2021-01-29,818691,2021
2021-01-30,656800,2021
2021-01-31,903496,2021
2021-02-01,671916,2021
2021-02-02,532690,2021
2021-02-03,619345,2021
2021-02-04,822488,2021
2021-02-05,876937,2021
2021-02-06,707510,2021
2021-02-07,854869,2021
2021-02-08,867476,2021
2021-02-09,617701,2021
2021-02-10,735556,2021
2021-02-11,1036723,2021
2021-02-12,1155618,2021
2021-02-13,902559,2021
2021-02-14,950106,2021
2021-02-15,972683,2021
2021-02-16,742396,2021
2021-02-17,774699,2021
2021-02-18,915532,2021
2021-02-19,1062561,2021
2021-02-20,943723,2021
2021-02-21,1119216,2021
2021-02-22,964168,2021
2021-02-23,717867,2021
2021-02-24,804473,2021
2021-02-25,1054777,2021
2021-02-26,1097941,2021
2021-02-27,919593,2021
2021-02-28,1192326,2021
2021-03-01,1049769,2021
2021-03-02,744939,2021
2021-03-03,826947,2021
2021-03-04,1107943,2021
2021-03-05,1169237,2021
2021-03-06,994275,2021
2021-03-07,1278653,2021
2021-03-08,1119372,2021
2021-03-09,826091,2021
2021-03-10,974236,2021
2021-03-11,1287040,2021
2021-03-12,1410170,2021
2021-03-13,1228317,2021
2021-03-14,1347204,2021
2021-03-15,1268273,2021
2021-03-16,1092791,2021
2021-03-17,1146638,2021
2021-03-18,1413414,2021
2021-03-19,1478042,2021
2021-03-20,1375030,2021
2021-03-21,1556471,2021
2021-03-22,1364921,2021
2021-03-23,1090056,2021
2021-03-24,1177731,2021
2021-03-25,1449187,2021
2021-03-26,1536966,2021
2021-03-27,1413260,2021
2021-03-28,1580233,2021
2021-03-29,1415144,2021
2021-03-30,1139738,2021
2021-03-31,1282646,2021
2021-04-01,1567562,2021
2021-04-02,1588784,2021
2021-04-03,1404433,2021
2021-04-04,1548893,2021
2021-04-05,1569756,2021
2021-04-06,1200572,2021
2021-04-07,1234454,2021
2021-04-08,1515715,2021
2021-04-09,1555811,2021
2021-04-10,1382954,2021
2021-04-11,1567936,2021
2021-04-12,1473015,2021
2021-04-13,1093419,2021
2021-04-14,1154820,2021
2021-04-15,1496171,2021
2021-04-16,1526424,2021
2021-04-17,1282409,2021
2021-04-18,1574791,2021
2021-04-19,1419700,2021
2021-04-20,1087776,2021
2021-04-21,1167282,2021
2021-04-22,1512553,2021
2021-04-23,1529078,2021
2021-04-24,1267678,2021
2021-04-25,1573593,2021
2021-04-26,1427079,2021
2021-04-27,1083183,2021
2021-04-28,1187046,2021
2021-04-29,1528980,2021
2021-04-30,1565558,2021
2021-05-01,1340793,2021
2021-05-02,1630261,2021
2021-05-03,1470213,2021
2021-05-04,1140584,2021
2021-05-05,1272679,2021
2021-05-06,1647819,2021
2021-05-07,1705282,2021
2021-05-08,1439280,2021
2021-05-09,1711460,2021
2021-05-10,1663855,2021
2021-05-11,1320930,2021
2021-05-12,1434435,2021
2021-05-13,1749910,2021
2021-05-14,1790431,2021
2021-05-15,1520878,2021
2021-05-16,1859924,2021
2021-05-17,1742325,2021
2021-05-18,1414076,2021
2021-05-19,1500713,2021
2021-05-20,1796354,2021
2021-05-21,1833181,2021
2021-05-22,1558549,2021
2021-05-23,1874277,2021
2021-05-24,1752297,2021
2021-05-25,1478917,2021
2021-05-26,1627422,2021
2021-05-27,1867067,2021
2021-05-28,1969075,2021
2021-05-29,1614785,2021
2021-05-30,1662359,2021
2021-05-31,1910828,2021
2021-06-01,1694578,2021
2021-06-02,1598873,2021
2021-06-03,1823395,2021
2021-06-04,1896190,2021
2021-06-05,1686932,2021
2021-06-06,1993494,2021
2021-06-07,1837383,2021
2021-06-08,1574822,2021
2021-06-09,1684912,2021
2021-06-10,1985698,2021
2021-06-11,2044087,2021
2021-06-12,1818203,2021
2021-06-13,2104681,2021
2021-06-14,1978110,2021
2021-06-15,1701213,2021
2021-06-16,1805340,2021
2021-06-17,2047190,2021
2021-06-18,2099797,2021
2021-06-19,1886401,2021
2021-06-20,2107997,2021
2021-06-21,2036775,2021
2021-06-22,1800947,2021
2021-06-23,1866027,2021
2021-06-24,2095773,2021
2021-06-25,2147042,2021
2021-06-26,1925933,2021
2021-06-27,2181055,2021
2021-06-28,2073847,2021
2021-06-29,1820725,2021
2021-06-30,1937606,2021
2021-07-01,2152087,2021
2021-07-02,2205102,2021
2021-07-03,1918985,2021
2021-07-04,1697422,2021
2021-07-05,2167826,2021
2021-07-06,1896755,2021
2021-07-07,1891781,2021
2021-07-08,2102632,2021
2021-07-09,2158137,2021
2021-07-10,1993017,2021
2021-07-11,2211451,2021
2021-07-12,2100231,2021
2021-07-13,1840503,2021
2021-07-14,1919907,2021
2021-07-15,2162549,2021
2021-07-16,2216363,2021
2021-07-17,1992789,2021
2021-07-18,2248801,2021
2021-07-19,2147951,2021
2021-07-20,1882824,2021
2021-07-21,1947336,2021
2021-07-22,2177183,2021
2021-07-23,2232628,2021
2021-07-24,2009417,2021
2021-07-25,2247129,2021
2021-07-26,2135322,2021
2021-07-27,1872237,2021
2021-07-28,1942685,2021
2021-07-29,2138113,2021
2021-07-30,2209522,2021
2021-07-31,2017941,2021
2021-08-01,2248894,2021
2021-08-02,2104204,2021
2021-08-03,1811428,2021
2021-08-04,1867373,2021
2021-08-05,2079440,2021
2021-08-06,2116970,2021
2021-08-07,1927576,2021
2021-08-08,2183576,2021
2021-08-09,2032871,2021
2021-08-10,1737189,2021
2021-08-11,1778638,2021
2021-08-12,2053398,2021
2021-08-13,2071913,2021
2021-08-14,1818071,2021
2021-08-15,2123872,2021
2021-08-16,1984827,2021
2021-08-17,1612933,2021
2021-08-18,1698840,2021
2021-08-19,1951656,2021
2021-08-20,1992705,2021
2021-08-21,1687357,2021
2021-08-22,1966708,2021
2021-08-23,1830076,2021
2021-08-24,1474442,2021
2021-08-25,1548018,2021
2021-08-26,1829300,2021
2021-08-27,1859603,2021
2021-08-28,1515791,2021
2021-08-29,1904152,2021
2021-08-30,1641333,2021
2021-08-31,1351765,2021
2021-09-01,1473895,2021
2021-09-02,1913865,2021
2021-09-03,2137114,2021
2021-09-04,1561225,2021
2021-09-05,1633547,2021
2021-09-06,2034282,2021
2021-09-07,1666629,2021
2021-09-08,1450281,2021
2021-09-09,1690239,2021
2021-09-10,1797588,2021
2021-09-11,1369377,2021
2021-09-12,1970138,2021
2021-09-13,1673501,2021
2021-09-14,1276190,2021
2021-09-15,1457026,2021
2021-09-16,1858720,2021
2021-09-17,1948844,2021
2021-09-18,1483305,2021
2021-09-19,2083726,2021
2021-09-20,1824666,2021
2021-09-21,1340357,2021
2021-09-22,1466926,2021
2021-09-23,1910871,2021
2021-09-24,2026013,2021
2021-09-25,1529298,2021
2021-09-26,2105417,2021
2021-09-27,1851991,2021
2021-09-28,1336835,2021
2021-09-29,1453368,2021
2021-09-30,1937665,2021
2021-10-01,2019716,2021
2021-10-02,1538107,2021
2021-10-03,2103061,2021
2021-10-04,1846687,2021
2021-10-05,1394280,2021
2021-10-06,1576263,2021
2021-10-07,2068329,2021
2021-10-08,2178818,2021
2021-10-09,1734033,2021
2021-10-10,2087077,2021
2021-10-11,2090755,2021
2021-10-12,1702427,2021
2021-10-13,1659052,2021
2021-10-14,2053322,2021
2021-10-15,2116988,2021
2021-10-16,1706852,2021
2021-10-17,2220642,2021
2021-10-18,2003439,2021
2021-10-19,1525074,2021
2021-10-20,1652011,2021
2021-10-21,2052193,2021
2021-10-22,2119017,2021
2021-10-23,1684418,2021
2021-10-24,2180380,2021
2021-10-25,1994218,2021
2021-10-26,1509452,2021
2021-10-27,1553733,2021
2021-10-28,1930016,2021
2021-10-29,1989947,2021
2021-10-30,1518998,2021
2021-10-31,1850278,2021
2021-11-01,2001864,2021
2021-11-02,1492468,2021
2021-11-03,1533093,2021
2021-11-04,1947471,2021
2021-11-05,2042336,2021
2021-11-06,1584913,2021
2021-11-07,2155649,2021
2021-11-08,1959106,2021
2021-11-09,1459203,2021
2021-11-10,1702552,2021
2021-11-11,2070980,2021
2021-11-12,2008291,2021
2021-11-13,1618028,2021
2021-11-14,2215702,2021
2021-11-15,2022347,2021
2021-11-16,1494701,2021
2021-11-17,1634212,2021
2021-11-18,2044622,2021
2021-11-19,2248096,2021
2021-11-20,2008922,2021
2021-11-21,2216940,2021
2021-11-22,2087536,2021
2021-11-23,2217635,2021
2021-11-24,2331880,2021
2021-11-25,1383501,2021
2021-11-26,1783938,2021
2021-11-27,2219149,2021
2021-11-28,2458325,2021
2021-11-29,2240556,2021
2021-11-30,1818492,2021
2021-12-01,1669185,2021
2021-12-02,1874481,2021
2021-12-03,1956238,2021
2021-12-04,1571068,2021
2021-12-05,2071647,2021
2021-12-06,1853893,2021
2021-12-07,1465585,2021
2021-12-08,1621499,2021
2021-12-09,1969493,2021
2021-12-10,2053444,2021
2021-12-11,1671592,2021
2021-12-12,2107361,2021
2021-12-13,1919994,2021
2021-12-14,1590394,2021
2021-12-15,1769605,2021
2021-12-16,2137354,2021
2021-12-17,2235581,2021
2021-12-18,2040879,2021
2021-12-19,2184906,2021
2021-12-20,2099852,2021
2021-12-21,1996071,2021
2021-12-22,2106209,2021
2021-12-23,2197896,2021
2021-12-24,1713351,2021
2021-12-25,1535935,2021
2021-12-26,2074458,2021
2021-12-27,2093615,2021
2021-12-28,2000891,2021
2021-12-29,2029343,2021
2021-12-30,2069413,2021
2021-12-31,1658357,2021
2022-01-01,1616850,2022
2022-01-02,2026176,2022
2022-01-03,1921966,2022
2022-01-04,1673499,2022
2022-01-05,1501170,2022
2022-01-06,1543985,2022
2022-01-07,1518098,2022
2022-01-08,1450135,2022
2022-01-09,1706857,2022
2022-01-10,1453110,2022
2022-01-11,1129725,2022
2022-01-12,1234827,2022
2022-01-13,1543648,2022
2022-01-14,1741376,2022
2022-01-15,1421612,2022
2022-01-16,1438492,2022
2022-01-17,1704328,2022
2022-01-18,1301256,2022
2022-01-19,1201589,2022
2022-01-20,1470973,2022
2022-01-21,1514895,2022
2022-01-22,1246901,2022
2022-01-23,1649090,2022
2022-01-24,1399342,2022
2022-01-25,1063856,2022
2022-01-26,1200998,2022
2022-01-27,1560893,2022
2022-01-28,1634225,2022
2022-01-29,1070815,2022
2022-01-30,1716055,2022
2022-01-31,1539356,2022
2022-02-01,1203689,2022
2022-02-02,1196728,2022
2022-02-03,1342502,2022
2022-02-04,1583678,2022
2022-02-05,1399603,2022
2022-02-06,1786681,2022
2022-02-07,1592651,2022
2022-02-08,1239137,2022
2022-02-09,1390835,2022
2022-02-10,1786323,2022
2022-02-11,1918436,2022
2022-02-12,1538874,2022
2022-02-13,1821279,2022
2022-02-14,1737532,2022
2022-02-15,1541222,2022
2022-02-16,1670550,2022
2022-02-17,1986581,2022
2022-02-18,2244042,2022
2022-02-19,1826833,2022
2022-02-20,2068827,2022
2022-02-21,2222002,2022
2022-02-22,1785417,2022
2022-02-23,1755527,2022
2022-02-24,1988432,2022
2022-02-25,2104233,2022
2022-02-26,1842536,2022
2022-02-27,2150118,2022
2022-02-28,1984773,2022
2022-03-01,1638699,2022
2022-03-02,1740923,2022
2022-03-03,2053525,2022
2022-03-04,2139036,2022
2022-03-05,1831741,2022
2022-03-06,2184096,2022
2022-03-07,2019553,2022
2022-03-08,1657723,2022
2022-03-09,1850986,2022
2022-03-10,2185904,2022
2022-03-11,2299583,2022
2022-03-12,1998129,2022
2022-03-13,2293374,2022
2022-03-14,2203639,2022
2022-03-15,1870647,2022
2022-03-16,2000210,2022
2022-03-17,2231375,2022
2022-03-18,2319876,2022
2022-03-19,2108715,2022
2022-03-20,2379182,2022
2022-03-21,2177240,2022
2022-03-22,1859077,2022
2022-03-23,1971979,2022
2022-03-24,2255090,2022
2022-03-25,2304825,2022
2022-03-26,2022231,2022
2022-03-27,2313481,2022
2022-03-28,2141002,2022
2022-03-29,1747597,2022
2022-03-30,1887509,2022
2022-03-31,2219675,2022
2022-04-01,2287653,2022
2022-04-02,1922516,2022
2022-04-03,2206569,2022
2022-04-04,2141153,2022
2022-04-05,1850647,2022
2022-04-06,1982006,2022
2022-04-07,2227151,2022
2022-04-08,2327849,2022
2022-04-09,1959523,2022
2022-04-10,2300909,2022
2022-04-11,2188196,2022
2022-04-12,1883285,2022
2022-04-13,2053892,2022
2022-04-14,2354474,2022
2022-04-15,2315430,2022
2022-04-16,1903886,2022
2022-04-17,2214376,2022
2022-04-18,2292729,2022
2022-04-19,1988681,2022
2022-04-20,2034403,2022
2022-04-21,2288508,2022
2022-04-22,2309474,2022
2022-04-23,1915707,2022
2022-04-24,2298561,2022
2022-04-25,2189296,2022
2022-04-26,1870392,2022
2022-04-27,1999806,2022
2022-04-28,2267171,2022
2022-04-29,2286852,2022
2022-04-30,1885701,2022
2022-05-01,2279287,2022
2022-05-02,2146993,2022
2022-05-03,1827782,2022
2022-05-04,1962832,2022
2022-05-05,2240816,2022
2022-05-06,2292080,2022
2022-05-07,1884883,2022
2022-05-08,2255547,2022
2022-05-09,2244645,2022
2022-05-10,1908906,2022
2022-05-11,2030630,2022
2022-05-12,2337876,2022
2022-05-13,2358444,2022
2022-05-14,1984654,2022
2022-05-15,2399801,2022
2022-05-16,2282944,2022
2022-05-17,2042144,2022
2022-05-18,2117010,2022
2022-05-19,2366865,2022
2022-05-20,2356404,2022
2022-05-21,1999651,2022
2022-05-22,2364240,2022
2022-05-23,2339945,2022
2022-05-24,2034843,2022
2022-05-25,2165771,2022
2022-05-26,2399579,2022
2022-05-27,2397928,2022
2022-05-28,2000335,2022
2022-05-29,2103022,2022
2022-05-30,2319237,2022
2022-05-31,2114935,2022
2022-06-01,2023231,2022
2022-06-02,2228271,2022
2022-06-03,2347283,2022
2022-06-04,1992251,2022
2022-06-05,2396442,2022
2022-06-06,2286429,2022
2022-06-07,2067274,2022
2022-06-08,2175579,2022
2022-06-09,2396538,2022
2022-06-10,2443671,2022
2022-06-11,2153865,2022
2022-06-12,2456971,2022
2022-06-13,2389152,2022
2022-06-14,2139865,2022
2022-06-15,2238873,2022
2022-06-16,2387496,2022
2022-06-17,2454485,2022
2022-06-18,2186387,2022
2022-06-19,2398687,2022
2022-06-20,2431925,2022
2022-06-21,2158912,2022
2022-06-22,2197876,2022
2022-06-23,2453936,2022
2022-06-24,2471808,2022
2022-06-25,2198435,2022
2022-06-26,2469720,2022
2022-06-27,2374892,2022
2022-06-28,2147125,2022
2022-06-29,2237932,2022
2022-06-30,2455588,2022
2022-07-01,2501366,2022
2022-07-02,2169068,2022
2022-07-03,2102878,2022
2022-07-04,2086854,2022
2022-07-05,2209031,2022
2022-07-06,2136035,2022
2022-07-07,2245980,2022
2022-07-08,2288984,2022
2022-07-09,2145996,2022
2022-07-10,2443836,2022
2022-07-11,2318551,2022
2022-07-12,2072335,2022
2022-07-13,2188234,2022
2022-07-14,2402480,2022
2022-07-15,2449536,2022
2022-07-16,2196011,2022
2022-07-17,2453236,2022
2022-07-18,2363728,2022
2022-07-19,2142454,2022
2022-07-20,2226450,2022
2022-07-21,2440027,2022
2022-07-22,2464194,2022
2022-07-23,2190483,2022
2022-07-24,2494885,2022
2022-07-25,2386005,2022
2022-07-26,2146087,2022
2022-07-27,2238047,2022
2022-07-28,2414062,2022
2022-07-29,2464079,2022
2022-07-30,2211091,2022
2022-07-31,2486969,2022
2022-08-01,2373400,2022
2022-08-02,2053497,2022
2022-08-03,2117390,2022
2022-08-04,2360671,2022
2022-08-05,2406372,2022
2022-08-06,2178405,2022
2022-08-07,2438788,2022
2022-08-08,2340305,2022
2022-08-09,2049473,2022
2022-08-10,2112967,2022
2022-08-11,2340082,2022
2022-08-12,2361142,2022
2022-08-13,2058033,2022
2022-08-14,2360307,2022
2022-08-15,2276507,2022
2022-08-16,2016730,2022
2022-08-17,2051652,2022
2022-08-18,2335005,2022
2022-08-19,2358565,2022
2022-08-20,2014843,2022
2022-08-21,2348153,2022
2022-08-22,2260555,2022
2022-08-23,1960482,2022
2022-08-24,1997252,2022
2022-08-25,2263665,2022
2022-08-26,2284831,2022
2022-08-27,1888903,2022
2022-08-28,2319869,2022
2022-08-29,2100205,2022
2022-08-30,1768473,2022
2022-08-31,2009736,2022
2022-09-01,2324033,2022
2022-09-02,2479578,2022
2022-09-03,1903950,2022
2022-09-04,1979923,2022
2022-09-05,2409938,2022
2022-09-06,2088456,2022
2022-09-07,1835889,2022
2022-09-08,2120200,2022
2022-09-09,2224222,2022
2022-09-10,1828963,2022
2022-09-11,2340559,2022
2022-09-12,2230866,2022
2022-09-13,1816435,2022
2022-09-14,1976151,2022
2022-09-15,2357970,2022
2022-09-16,2375510,2022
2022-09-17,1888228,2022
2022-09-18,2349493,2022
2022-09-19,2227301,2022
2022-09-20,1898568,2022
2022-09-21,1960592,2022
2022-09-22,2335489,2022
2022-09-23,2405872,2022
2022-09-24,1914884,2022
2022-09-25,2362292,2022
2022-09-26,2229901,2022
2022-09-27,1842212,2022
2022-09-28,1724121,2022
2022-09-29,2000766,2022
2022-09-30,2143343,2022
2022-10-01,1868495,2022
2022-10-02,2279898,2022
2022-10-03,2099505,2022
2022-10-04,1802567,2022
2022-10-05,1996446,2022
2022-10-06,2376101,2022
2022-10-07,2473989,2022
2022-10-08,2018002,2022
2022-10-09,2425613,2022
2022-10-10,2330624,2022
2022-10-11,2046661,2022
2022-10-12,2119772,2022
2022-10-13,2413700,2022
2022-10-14,2412403,2022
2022-10-15,2036937,2022
2022-10-16,2475395,2022
2022-10-17,2294755,2022
2022-10-18,2003403,2022
2022-10-19,2110090,2022
2022-10-20,2429402,2022
2022-10-21,2375559,2022
2022-10-22,2005659,2022
2022-10-23,2416107,2022
2022-10-24,2322585,2022
2022-10-25,1981651,2022
2022-10-26,2057463,2022
2022-10-27,2310460,2022
2022-10-28,2312356,2022
2022-10-29,1830454,2022
2022-10-30,2241429,2022
2022-10-31,1925032,2022
2022-11-01,1978549,2022
2022-11-02,1897396,2022
2022-11-03,2253501,2022
2022-11-04,2272855,2022
2022-11-05,1924975,2022
2022-11-06,2396744,2022
2022-11-07,2168053,2022
2022-11-08,1896916,2022
2022-11-09,1945183,2022
2022-11-10,2203214,2022
2022-11-11,2309163,2022
2022-11-12,1945373,2022
2022-11-13,2411406,2022
2022-11-14,2229804,2022
2022-11-15,1892613,2022
2022-11-16,2034880,2022
2022-11-17,2326100,2022
2022-11-18,2458089,2022
2022-11-19,2214717,2022
2022-11-20,2385400,2022
2022-11-21,2201022,2022
2022-11-22,2370351,2022
2022-11-23,2465337,2022
2022-11-24,1426195,2022
2022-11-25,1984980,2022
2022-11-26,2336633,2022
2022-11-27,2639616,2022
2022-11-28,2389672,2022
2022-11-29,1954785,2022
2022-11-30,1893497,2022
2022-12-01,2113719,2022
2022-12-02,2132571,2022
2022-12-03,1788666,2022
2022-12-04,2261227,2022
2022-12-05,2134176,2022
2022-12-06,1752091,2022
2022-12-07,1883346,2022
2022-12-08,2220053,2022
2022-12-09,2295917,2022
2022-12-10,1886068,2022
2022-12-11,2293624,2022
2022-12-12,2167861,2022
2022-12-13,1810814,2022
2022-12-14,1993063,2022
2022-12-15,2298485,2022
2022-12-16,2453178,2022
2022-12-17,2233861,2022
2022-12-18,2357086,2022
2022-12-19,2264761,2022
2022-12-20,2216373,2022
2022-12-21,2428528,2022
2022-12-22,2366608,2022
2022-12-23,2096506,2022
2022-12-24,1834551,2022
2022-12-25,1800463,2022
2022-12-26,2218145,2022
2022-12-27,2178719,2022
2022-12-28,2153682,2022
2022-12-29,2178433,2022
2022-12-30,2383422,2022
2022-12-31,1935413,2022
2023-01-01,2046950,2023
2023-01-02,2368194,2023
2023-01-03,2212528,2023
2023-01-04,1985965,2023
2023-01-05,2031976,2023
2023-01-06,2043547,2023
2023-01-07,1917290,2023
2023-01-08,2226917,2023
2023-01-09,2009868,2023
2023-01-10,1678250,2023
2023-01-11,1723117,2023
2023-01-12,2189475,2023
2023-01-13,2316713,2023
2023-01-14,1803651,2023
2023-01-15,2038119,2023
2023-01-16,2244873,2023
2023-01-17,1803155,2023
2023-01-18,1674129,2023
2023-01-19,1997346,2023
2023-01-20,2089417,2023
2023-01-21,1662736,2023
2023-01-22,2141703,2023
2023-01-23,1970280,2023
2023-01-24,1567069,2023
2023-01-25,1677909,2023
2023-01-26,2097825,2023
2023-01-27,2122066,2023
2023-01-28,1653401,2023
2023-01-29,2144644,2023
2023-01-30,1932983,2023
2023-01-31,1534786,2023
2023-02-01,1608110,2023
2023-02-02,2042277,2023
2023-02-03,2102998,2023
2023-02-04,1669806,2023
2023-02-05,2202873,2023
2023-02-06,2040256,2023
2023-02-07,1626257,2023
2023-02-08,1796332,2023
2023-02-09,2158573,2023
2023-02-10,2254803,2023
2023-02-11,1809116,2023
2023-02-12,2113837,2023
2023-02-13,2073820,2023
2023-02-14,1674639,2023
2023-02-15,2017144,2023
2023-02-16,2339970,2023
2023-02-17,2509923,2023
2023-02-18,2065901,2023
2023-02-19,2319072,2023
2023-02-20,2479184,2023
2023-02-21,2116450,2023
2023-02-22,2006058,2023
2023-02-23,2322309,2023
2023-02-24,2425335,2023
2023-02-25,2057210,2023
2023-02-26,2402716,2023
2023-02-27,2235417,2023
2023-02-28,1890744,2023
2023-03-01,2066150,2023
2023-03-02,2316735,2023
2023-03-03,2375579,2023
2023-03-04,2040488,2023
2023-03-05,2422425,2023
2023-03-06,2265014,2023
2023-03-07,1908536,2023
2023-03-08,2130141,2023
2023-03-09,2417279,2023
2023-03-10,2562561,2023
2023-03-11,2279320,2023
2023-03-12,2539093,2023
2023-03-13,2393346,2023
2023-03-14,2026905,2023
2023-03-15,2284299,2023
2023-03-16,2483683,2023
2023-03-17,2517226,2023
2023-03-18,2278805,2023
2023-03-19,2608462,2023
2023-03-20,2414648,2023
2023-03-21,2038001,2023
2023-03-22,2203488,2023
2023-03-23,2451051,2023
2023-03-24,2508221,2023
2023-03-25,2208541,2023
2023-03-26,2522600,2023
2023-03-27,2383816,2023
2023-03-28,2039138,2023
2023-03-29,2210676,2023
2023-03-30,2487147,2023
2023-03-31,2536088,2023
2023-04-01,2253892,2023
2023-04-02,2545494,2023
2023-04-03,2404966,2023
2023-04-04,2080546,2023
2023-04-05,2209680,2023
2023-04-06,2532778,2023
2023-04-07,2475896,2023
2023-04-08,2093075,2023
2023-04-09,2387558,2023
2023-04-10,2523060,2023
2023-04-11,2132314,2023
2023-04-12,2168441,2023
2023-04-13,2443213,2023
2023-04-14,2532863,2023
2023-04-15,2150251,2023
2023-04-16,2589787,2023
2023-04-17,2455406,2023
2023-04-18,2070303,2023
2023-04-19,2227164,2023
2023-04-20,2534751,2023
2023-04-21,2585925,2023
2023-04-22,2057354,2023
2023-04-23,2570184,2023
2023-04-24,2425693,2023
2023-04-25,2015155,2023
2023-04-26,2183316,2023
2023-04-27,2522454,2023
2023-04-28,2507149,2023
2023-04-29,2021030,2023
2023-04-30,2517228,2023
2023-05-01,2432660,2023
2023-05-02,1998688,2023
2023-05-03,2167265,2023
2023-05-04,2509080,2023
2023-05-05,2508503,2023
2023-05-06,2043895,2023
2023-05-07,2590391,2023
2023-05-08,2476280,2023
2023-05-09,2089430,2023
2023-05-10,2261499,2023
2023-05-11,2598784,2023
2023-05-12,2605959,2023
2023-05-13,2114178,2023
2023-05-14,2509333,2023
2023-05-15,2597124,2023
2023-05-16,2173966,2023
2023-05-17,2312740,2023
2023-05-18,2641296,2023
2023-05-19,2656058,2023
2023-05-20,2213613,2023
2023-05-21,2673457,2023
2023-05-22,2592466,2023
2023-05-23,2272281,2023
2023-05-24,2435811,2023
2023-05-25,2672648,2023
2023-05-26,2744596,2023
2023-05-27,2206475,2023
2023-05-28,2257797,2023
2023-05-29,2596978,2023
2023-05-30,2349003,2023
2023-05-31,2259502,2023
2023-06-01,2477726,2023
2023-06-02,2534892,2023
2023-06-03,2221890,2023
2023-06-04,2657217,2023
2023-06-05,2560508,2023
2023-06-06,2233160,2023
2023-06-07,2355913,2023
2023-06-08,2641522,2023
2023-06-09,2675115,2023
2023-06-10,2322170,2023
2023-06-11,2732330,2023
2023-06-12,2636399,2023
2023-06-13,2343000,2023
2023-06-14,2465528,2023
2023-06-15,2745743,2023
2023-06-16,2785332,2023
2023-06-17,2436004,2023
2023-06-18,2640349,2023
2023-06-19,2742546,2023
2023-06-20,2449389,2023
2023-06-21,2502239,2023
2023-06-22,2737829,2023
2023-06-23,2771672,2023
2023-06-24,2456148,2023
2023-06-25,2769270,2023
2023-06-26,2687481,2023
2023-06-27,2391503,2023
2023-06-28,2539399,2023
2023-06-29,2759141,2023
2023-06-30,2884783,2023
2023-07-01,2588334,2023
2023-07-02,2529730,2023
2023-07-03,2288645,2023
2023-07-04,2007441,2023
2023-07-05,2492923,2023
2023-07-06,2540237,2023
2023-07-07,2555001,2023
2023-07-08,2431155,2023
2023-07-09,2644639,2023
2023-07-10,2688266,2023
2023-07-11,2382030,2023
2023-07-12,2458378,2023
2023-07-13,2726021,2023
2023-07-14,2738461,2023
2023-07-15,2486503,2023
2023-07-16,2741762,2023
2023-07-17,2747357,2023
2023-07-18,2410972,2023
2023-07-19,2519328,2023
2023-07-20,2754386,2023
2023-07-21,2782146,2023
2023-07-22,2485646,2023
2023-07-23,2800368,2023
2023-07-24,2695657,2023
2023-07-25,2358536,2023
2023-07-26,2510210,2023
2023-07-27,2724438,2023
2023-07-28,2787676,2023
2023-07-29,2457943,2023
2023-07-30,2815068,2023
2023-07-31,2697794,2023
2023-08-01,2370591,2023
2023-08-02,2431864,2023
2023-08-03,2671674,2023
2023-08-04,2690858,2023
2023-08-05,2403611,2023
2023-08-06,2743779,2023
2023-08-07,2602015,2023
2023-08-08,2387917,2023
2023-08-09,2407319,2023
2023-08-10,2654716,2023
2023-08-11,2648556,2023
2023-08-12,2322724,2023
2023-08-13,2684914,2023
2023-08-14,2548291,2023
2023-08-15,2266285,2023
2023-08-16,2298936,2023
2023-08-17,2599098,2023
2023-08-18,2601291,2023
2023-08-19,2252655,2023
2023-08-20,2535369,2023
2023-08-21,2487458,2023
2023-08-22,2101467,2023
2023-08-23,2169394,2023
2023-08-24,2501995,2023
2023-08-25,2509342,2023
2023-08-26,2063356,2023
2023-08-27,2538318,2023
2023-08-28,2349783,2023
2023-08-29,1888361,2023
2023-08-30,2014332,2023
2023-08-31,2619753,2023
2023-09-01,2742962,2023
2023-09-02,2090550,2023
2023-09-03,2081144,2023
2023-09-04,2645012,2023
2023-09-05,2243518,2023
2023-09-06,1966818,2023
2023-09-07,2283466,2023
2023-09-08,2405867,2023
2023-09-09,1986960,2023
2023-09-10,2584116,2023
2023-09-11,2402206,2023
2023-09-12,1991959,2023
2023-09-13,2113134,2023
2023-09-14,2594681,2023
2023-09-15,2583450,2023
2023-09-16,1978051,2023
2023-09-17,2648872,2023
2023-09-18,2495564,2023
2023-09-19,1992774,2023
2023-09-20,2207680,2023
2023-09-21,2651017,2023
2023-09-22,2684773,2023
2023-09-23,2065137,2023
2023-09-24,2673136,2023
2023-09-25,2543611,2023
2023-09-26,2058961,2023
2023-09-27,2138667,2023
2023-09-28,2616213,2023
2023-09-29,2602713,2023
2023-09-30,2140656,2023
2023-10-01,2682443,2023
2023-10-02,2473560,2023
2023-10-03,2001087,2023
2023-10-04,2213969,2023
2023-10-05,2697601,2023
2023-10-06,2762717,2023
2023-10-07,2232660,2023
2023-10-08,2690153,2023
2023-10-09,2681432,2023
2023-10-10,2293858,2023
2023-10-11,2372544,2023
2023-10-12,2717399,2023
2023-10-13,2673246,2023
2023-10-14,2226278,2023
2023-10-15,2797326,2023
2023-10-16,2627942,2023
2023-10-17,2213819,2023
2023-10-18,2333408,2023
2023-10-19,2695224,2023
2023-10-20,2672262,2023
2023-10-21,2161735,2023
2023-10-22,2770224,2023
2023-10-23,2607835,2023
2023-10-24,2138741,2023
2023-10-25,2251047,2023
2023-10-26,2630523,2023
2023-10-27,2615422,2023
2023-10-28,2015907,2023
2023-10-29,2520086,2023
2023-10-30,2292796,2023
2023-10-31,1665839,2023
2023-11-01,2157473,2023
2023-11-02,2415581,2023
2023-11-03,2502391,2023
2023-11-04,2045614,2023
2023-11-05,2669284,2023
2023-11-06,2491545,2023
2023-11-07,2019225,2023
2023-11-08,2209479,2023
2023-11-09,2658959,2023
2023-11-10,2591818,2023
2023-11-11,2025517,2023
2023-11-12,2683745,2023
2023-11-13,2533300,2023
2023-11-14,2035761,2023
2023-11-15,2224646,2023
2023-11-16,2550045,2023
2023-11-17,2692471,2023
2023-11-18,2379699,2023
2023-11-19,2608680,2023
2023-11-20,2532525,2023
2023-11-21,2647461,2023
2023-11-22,2741610,2023
2023-11-23,1547419,2023
2023-11-24,2199057,2023
2023-11-25,2605387,2023
2023-11-26,2908785,2023
2023-11-27,2633263,2023
2023-11-28,2171943,2023
2023-11-29,1948492,2023
2023-11-30,2276703,2023
2023-12-01,2308362,2023
2023-12-02,1864999,2023
2023-12-03,2321965,2023
2023-12-04,2266792,2023
2023-12-05,1834118,2023
2023-12-06,1998620,2023
2023-12-07,2385629,2023
2023-12-08,2431077,2023
2023-12-09,1975896,2023
2023-12-10,2419762,2023
2023-12-11,2313610,2023
2023-12-12,1954074,2023
2023-12-13,2129193,2023
2023-12-14,2502604,2023
2023-12-15,2622770,2023
2023-12-16,2252933,2023
2023-12-17,2495579,2023
2023-12-18,2366275,2023
2023-12-19,2291458,2023
2023-12-20,2514171,2023
2023-12-21,2650811,2023
2023-12-22,2775193,2023
2023-12-23,2606577,2023
2023-12-24,1972309,2023
2023-12-25,2028266,2023
2023-12-26,2665034,2023
2023-12-27,2663517,2023
2023-12-28,2633264,2023
2023-12-29,2636605,2023
2023-12-30,2563962,2023
2023-12-31,2116715,2023
2024-01-01,2303507,2024
2024-01-02,2555447,2024
2024-01-03,2418600,2024
2024-01-04,2281402,2024
2024-01-05,2279609,2024
2024-01-06,2198958,2024
2024-01-07,2380127,2024
2024-01-08,2193524,2024
2024-01-09,1774066,2024
2024-01-10,1934765,2024
2024-01-11,2300884,2024
2024-01-12,2326842,2024
2024-01-13,1914063,2024
2024-01-14,2116540,2024
2024-01-15,2214409,2024
2024-01-16,1864219,2024
2024-01-17,1857915,2024
2024-01-18,2104712,2024
2024-01-19,2094212,2024
2024-01-20,1753693,2024
2024-01-21,2243155,2024
2024-01-22,2053656,2024
2024-01-23,1610765,2024
2024-01-24,1815119,2024
2024-01-25,2232670,2024
2024-01-26,2278406,2024
2024-01-27,1772563,2024
2024-01-28,2261245,2024
2024-01-29,2077644,2024
2024-01-30,1617523,2024
2024-01-31,1817011,2024
2024-02-01,2203945,2024
2024-02-02,2208138,2024
2024-02-03,1752024,2024
2024-02-04,2281882,2024
2024-02-05,2160140,2024
2024-02-06,1695022,2024
2024-02-07,1880126,2024
2024-02-08,2305984,2024
2024-02-09,2369929,2024
2024-02-10,1883035,2024
2024-02-11,2196980,2024
2024-02-12,2283725,2024
2024-02-13,1754659,2024
2024-02-14,2021114,2024
2024-02-15,2515629,2024
2024-02-16,2615463,2024
2024-02-17,2159328,2024
2024-02-18,2474646,2024
2024-02-19,2606125,2024
2024-02-20,2206877,2024
2024-02-21,2162956,2024
2024-02-22,2513429,2024
2024-02-23,2555082,2024
2024-02-24,2106561,2024
2024-02-25,2561682,2024
2024-02-26,2405209,2024
2024-02-27,1935225,2024
2024-02-28,2140789,2024
2024-02-29,2551534,2024
2024-03-01,2602686,2024
2024-03-02,2132092,2024
2024-03-03,2566870,2024
2024-03-04,2405790,2024
2024-03-05,1983750,2024
2024-03-06,2211599,2024
2024-03-07,2578074,2024
2024-03-08,2720377,2024
2024-03-09,2342497,2024
2024-03-10,2719857,2024
2024-03-11,2563158,2024
2024-03-12,2199126,2024
2024-03-13,2388007,2024
2024-03-14,2568962,2024
2024-03-15,2722855,2024
2024-03-16,2410078,2024
2024-03-17,2734318,2024
2024-03-18,2582796,2024
2024-03-19,2205546,2024
2024-03-20,2413710,2024
2024-03-21,2690138,2024
2024-03-22,2732493,2024
2024-03-23,2422106,2024
2024-03-24,2755433,2024
2024-03-25,2607498,2024
2024-03-26,2243576,2024
2024-03-27,2462360,2024
2024-03-28,2786223,2024
2024-03-29,2693787,2024
2024-03-30,2320632,2024
2024-03-31,2595625,2024
2024-04-01,2658016,2024
2024-04-02,2261390,2024
2024-04-03,2266046,2024
2024-04-04,2640572,2024
2024-04-05,2703180,2024
2024-04-06,2324739,2024
2024-04-07,2675829,2024
2024-04-08,2487391,2024
2024-04-09,2212961,2024
2024-04-10,2316545,2024
2024-04-11,2641708,2024
2024-04-12,2714741,2024
2024-04-13,2180816,2024
2024-04-14,2689549,2024
2024-04-15,2532672,2024
2024-04-16,2148436,2024
2024-04-17,2351694,2024
2024-04-18,2695566,2024
2024-04-19,2722053,2024
2024-04-20,2221738,2024
2024-04-21,2756922,2024
2024-04-22,2579973,2024
2024-04-23,2144330,2024
2024-04-24,2308366,2024
2024-04-25,2686172,2024
2024-04-26,2675321,2024
2024-04-27,2138255,2024
2024-04-28,2646469,2024
2024-04-29,2506141,2024
2024-04-30,2151933,2024
2024-05-01,2358798,2024
2024-05-02,2648857,2024
2024-05-03,2675921,2024
2024-05-04,2175786,2024
2024-05-05,2717249,2024
2024-05-06,2647929,2024
2024-05-07,2244683,2024
2024-05-08,2452419,2024
2024-05-09,2797162,2024
2024-05-10,2789715,2024
2024-05-11,2295451,2024
2024-05-12,2677001,2024
2024-05-13,2717876,2024
2024-05-14,2343094,2024
2024-05-15,2463627,2024
2024-05-16,2807609,2024
2024-05-17,2855596,2024
2024-05-18,2365492,2024
2024-05-19,2843144,2024
2024-05-20,2751841,2024
2024-05-21,2442301,2024
2024-05-22,2591593,2024
2024-05-23,2897421,2024
2024-05-24,2951859,2024
2024-05-25,2429201,2024
2024-05-26,2413165,2024
2024-05-27,2771700,2024
2024-05-28,2555425,2024
2024-05-29,2446571,2024
2024-05-30,2653600,2024
2024-05-31,2775176,2024
2024-06-01,2415153,2024
2024-06-02,2822822,2024
2024-06-03,2719030,2024
2024-06-04,2397066,2024
2024-06-05,2551287,2024
2024-06-06,2829183,2024
2024-06-07,2842268,2024
2024-06-08,2499204,2024
2024-06-09,2915830,2024
2024-06-10,2815125,2024
2024-06-11,2487316,2024
2024-06-12,2599257,2024
2024-06-13,2859994,2024
2024-06-14,2929467,2024
2024-06-15,2617341,2024
2024-06-16,2858844,2024
2024-06-17,2790851,2024
2024-06-18,2537934,2024
2024-06-19,2686866,2024
2024-06-20,2833516,2024
2024-06-21,2873390,2024
2024-06-22,2624783,2024
2024-06-23,2996495,2024
2024-06-24,2944001,2024
2024-06-25,2612478,2024
2024-06-26,2722125,2024
2024-06-27,2921687,2024
2024-06-28,2938292,2024
2024-06-29,2648476,2024
2024-06-30,2835019,2024
2024-07-01,2754690,2024
2024-07-02,2537986,2024
2024-07-03,2786534,2024
2024-07-04,2222431,2024
2024-07-05,2431240,2024
2024-07-06,2617154,2024
2024-07-07,3013622,2024
2024-07-08,2785721,2024
2024-07-09,2580105,2024
2024-07-10,2627735,2024
2024-07-11,2839251,2024
2024-07-12,2829067,2024
2024-07-13,2583704,2024
2024-07-14,2937845,2024
2024-07-15,2860799,2024
2024-07-16,2536991,2024
2024-07-17,2641325,2024
2024-07-18,2957170,2024
2024-07-19,2716304,2024
2024-07-20,2606097,2024
2024-07-21,2909267,2024
2024-07-22,2864584,2024
2024-07-23,2603647,2024
2024-07-24,2718954,2024
2024-07-25,2924478,2024
2024-07-26,2877017,2024
2024-07-27,2582953,2024
2024-07-28,2922306,2024
2024-07-29,2795317,2024
2024-07-30,2437121,2024
2024-07-31,2618705,2024
2024-08-01,2871907,2024
2024-08-02,2803445,2024
2024-08-03,2555713,2024
2024-08-04,2800099,2024
2024-08-05,2701321,2024
2024-08-06,2413736,2024
2024-08-07,2555693,2024
2024-08-08,2808911,2024
2024-08-09,2756793,2024
2024-08-10,2475459,2024
2024-08-11,2850074,2024
2024-08-12,2705415,2024
2024-08-13,2266346,2024
2024-08-14,2380580,2024
2024-08-15,2732713,2024
2024-08-16,2748819,2024
2024-08-17,2344279,2024
2024-08-18,2796821,2024
2024-08-19,2686909,2024
2024-08-20,2252171,2024
2024-08-21,2310258,2024
2024-08-22,2654402,2024
2024-08-23,2660166,2024
2024-08-24,2185822,2024
2024-08-25,2702492,2024
2024-08-26,2463227,2024
2024-08-27,1980342,2024
2024-08-28,2221120,2024
2024-08-29,2746266,2024
2024-08-30,2913547,2024
2024-08-31,2163592,2024
2024-09-01,2219496,2024
2024-09-02,2748226,2024
2024-09-03,2272637,2024
2024-09-04,1965339,2024
2024-09-05,2277401,2024
2024-09-06,2404754,2024
2024-09-07,1944006,2024
2024-09-08,2635080,2024
2024-09-09,2447809,2024
2024-09-10,1947530,2024
2024-09-11,1999757,2024
2024-09-12,2630964,2024
2024-09-13,2629323,2024
2024-09-14,2039797,2024
2024-09-15,2751418,2024
2024-09-16,2568141,2024
2024-09-17,2047363,2024
2024-09-18,2204592,2024
2024-09-19,2720369,2024
2024-09-20,2746884,2024
2024-09-21,2113564,2024
2024-09-22,2834755,2024
2024-09-23,2624958,2024
2024-09-24,2063662,2024
2024-09-25,2245707,2024
2024-09-26,2550227,2024
2024-09-27,2584954,2024
2024-09-28,2090971,2024
2024-09-29,2744939,2024
2024-09-30,2544480,2024
2024-10-01,1999352,2024
2024-10-02,2151683,2024
2024-10-03,2640399,2024
2024-10-04,2668729,2024
2024-10-05,2107910,2024
2024-10-06,2830443,2024
2024-10-07,2650717,2024
2024-10-08,2092902,2024
2024-10-09,2104384,2024
2024-10-10,2515514,2024
2024-10-11,2840414,2024
2024-10-12,2245955,2024
2024-10-13,2759322,2024
2024-10-14,2753893,2024
2024-10-15,2331229,2024
2024-10-16,2380635,2024
2024-10-17,2790733,2024
2024-10-18,2810221,2024
2024-10-19,2244829,2024
2024-10-20,2934025,2024
2024-10-21,2756016,2024
2024-10-22,2162389,2024
2024-10-23,2283293,2024
2024-10-24,2734510,2024
2024-10-25,2757296,2024
2024-10-26,2138621,2024
2024-10-27,2797199,2024
2024-10-28,2571459,2024
2024-10-29,1956344,2024
2024-10-30,2160195,2024
2024-10-31,2161429,2024
2024-11-01,2565724,2024
2024-11-02,1997801,2024
2024-11-03,2646807,2024
2024-11-04,2403233,2024
2024-11-05,1910059,2024
2024-11-06,2106444,2024
2024-11-07,2597660,2024
2024-11-08,2662635,2024
2024-11-09,2112678,2024
2024-11-10,2660472,2024
2024-11-11,2697567,2024
2024-11-12,2085620,2024
2024-11-13,2088739,2024
2024-11-14,2561968,2024
2024-11-15,2636505,2024
2024-11-16,1949769,2024
2024-11-17,2663030,2024
2024-11-18,2455375,2024
2024-11-19,1885832,2024
2024-11-20,2070826,2024
2024-11-21,2550762,2024
2024-11-22,2754798,2024
2024-11-23,2493313,2024
2024-11-24,2659301,2024
2024-11-25,2506373,2024
2024-11-26,2694504,2024
2024-11-27,2726845,2024
2024-11-28,1551896,2024
2024-11-29,2377911,2024
2024-11-30,2811101,2024
2024-12-01,3088836,2024
2024-12-02,2829000,2024
2024-12-03,2283750,2024
2024-12-04,2120703,2024
2024-12-05,2443620,2024
2024-12-06,2522641,2024
2024-12-07,2012382,2024
2024-12-08,2603322,2024
2024-12-09,2438070,2024
2024-12-10,2013749,2024
2024-12-11,2148651,2024
2024-12-12,2588225,2024
2024-12-13,2655019,2024
2024-12-14,2146894,2024
2024-12-15,2599354,2024
2024-12-16,2401238,2024
2024-12-17,2122028,2024
2024-12-18,2351328,2024
2024-12-19,2651437,2024
2024-12-20,2845856,2024
2024-12-21,2773545,2024
2024-12-22,2800962,2024
2024-12-23,2758299,2024
2024-12-24,2068817,2024
2024-12-25,2039342,2024
2024-12-26,2743795,2024
2024-12-27,2848156,2024
2024-12-28,2741872,2024
2024-12-29,2805401,2024
2024-12-30,2765740,2024
2024-12-31,2172902,2024
2025-01-01,2313111,2025
2025-01-02,2611778,2025
2025-01-03,2561917,2025
2025-01-04,2543099,2025
2025-01-05,2579257,2025
2025-01-06,2222148,2025
2025-01-07,1908564,2025
2025-01-08,1879025,2025
2025-01-09,2027310,2025
2025-01-10,1992855,2025
2025-01-11,1858510,2025
2025-01-12,2322100,2025
2025-01-13,2062714,2025
2025-01-14,1651203,2025
2025-01-15,1844782,2025
2025-01-16,2369393,2025
2025-01-17,2526286,2025
2025-01-18,1939172,2025
2025-01-19,2112794,2025
2025-01-20,2466952,2025
2025-01-21,1758398,2025
2025-01-22,1710482,2025
2025-01-23,2158117,2025
2025-01-24,2257748,2025
2025-01-25,1785853,2025
2025-01-26,2302112,2025
2025-01-27,2088017,2025
2025-01-28,1599137,2025
2025-01-29,1792491,2025
2025-01-30,2217849,2025
2025-01-31,2272211,2025
2025-02-01,1791123,2025
2025-02-02,2331307,2025
2025-02-03,2102433,2025
2025-02-04,1650290,2025
2025-02-05,1820773,2025
2025-02-06,2211265,2025
2025-02-07,2338544,2025
2025-02-08,1828457,2025
2025-02-09,2186009,2025
2025-02-10,2323951,2025
2025-02-11,1753887,2025
2025-02-12,1990129,2025
2025-02-13,2560756,2025
2025-02-14,2625540,2025
2025-02-15,2159818,2025
2025-02-16,2394833,2025
2025-02-17,2721037,2025
2025-02-18,2242755,2025
2025-02-19,2122513,2025
2025-02-20,2465900,2025
2025-02-21,2553100,2025
2025-02-22,2161694,2025
2025-02-23,2593719,2025
2025-02-24,2399513,2025
2025-02-25,1916767,2025
2025-02-26,2123490,2025
2025-02-27,2579755,2025
2025-02-28,2630500,2025
2025-03-01,2158645,2025
2025-03-02,2599881,2025
2025-03-03,2365320,2025
2025-03-04,1875218,2025
2025-03-05,2136765,2025
2025-03-06,2576197,2025
2025-03-07,2642987,2025
2025-03-08,2280659,2025
2025-03-09,2662698,2025
2025-03-10,2463518,2025
2025-03-11,2025101,2025
2025-03-12,2296331,2025
2025-03-13,2705385,2025
2025-03-14,2767624,2025
2025-03-15,2485967,2025
2025-03-16,2788290,2025
2025-03-17,2696692,2025
2025-03-18,2269892,2025
2025-03-19,2406685,2025
2025-03-20,2768297,2025
2025-03-21,2770885,2025
2025-03-22,2501353,2025
2025-03-23,2832184,2025
2025-03-24,2616694,2025
2025-03-25,2154216,2025
2025-03-26,2339364,2025
2025-03-27,2702597,2025
2025-03-28,2715979,2025
2025-03-29,2348148,2025
2025-03-30,2699290,2025
2025-03-31,2551791,2025
2025-04-01,2182067,2025
2025-04-02,2179140,2025
2025-04-03,2619267,2025
2025-04-04,2657646,2025
2025-04-05,2240317,2025
2025-04-06,2734390,2025
2025-04-07,2532108,2025
2025-04-08,2087617,2025
2025-04-09,2298987,2025
2025-04-10,2720111,2025
2025-04-11,2743034,2025
2025-04-12,2269643,2025
2025-04-13,2747047,2025
2025-04-14,2564711,2025
2025-04-15,2114229,2025
2025-04-16,2357678,2025
2025-04-17,2820263,2025
2025-04-18,2658126,2025
2025-04-19,2155922,2025
2025-04-20,2590905,2025
2025-04-21,2783296,2025
2025-04-22,2265653,2025
2025-04-23,2343470,2025
2025-04-24,2757802,2025
2025-04-25,2766190,2025
2025-04-26,2201728,2025
2025-04-27,2827041,2025
2025-04-28,2600473,2025
2025-04-29,2067400,2025
2025-04-30,2300316,2025
2025-05-01,2743730,2025
2025-05-02,2659190,2025
2025-05-03,2101947,2025
2025-05-04,2761985,2025
2025-05-05,2584294,2025
2025-05-06,2106871,2025
2025-05-07,2288749,2025
2025-05-08,2730340,2025
2025-05-09,2711765,2025
2025-05-10,2124776,2025
2025-05-11,2578387,2025
2025-05-12,2656624,2025
2025-05-13,2131490,2025
2025-05-14,2366338,2025
2025-05-15,2847304,2025
2025-05-16,2833961,2025
2025-05-17,2311524,2025
2025-05-18,2929439,2025
2025-05-19,2793311,2025
2025-05-20,2320174,2025
2025-05-21,2508527,2025
2025-05-22,2960413,2025
2025-05-23,3010183,2025
2025-05-24,2388782,2025
2025-05-25,2455905,2025
2025-05-26,2794349,2025
2025-05-27,2504243,2025
2025-05-28,2325469,2025
2025-05-29,2626000,2025
2025-05-30,2697797,2025
2025-05-31,2352220,2025
2025-06-01,2825067,2025
2025-06-02,2642757,2025
2025-06-03,2213126,2025
2025-06-04,2364180,2025
2025-06-05,2798889,2025
2025-06-06,2766504,2025
2025-06-07,2328958,2025
2025-06-08,2855018,2025
2025-06-09,2758305,2025
2025-06-10,2363300,2025
2025-06-11,2504198,2025
2025-06-12,2887807,2025
2025-06-13,2864272,2025
2025-06-14,2515953,2025
2025-06-15,2885745,2025
2025-06-16,2844177,2025
2025-06-17,2455369,2025
2025-06-18,2705096,2025
2025-06-19,2980935,2025
2025-06-20,2815712,2025
2025-06-21,2545281,2025
2025-06-22,3096797,2025
2025-06-23,2953920,2025
2025-06-24,2508700,2025
2025-06-25,2551456,2025
2025-06-26,2930370,2025
2025-06-27,2988614,2025
2025-06-28,2624702,2025
2025-06-29,2959224,2025
2025-06-30,2777562,2025
2025-07-01,2402548,2025
2025-07-02,2717209,2025
2025-07-03,2923165,2025
2025-07-04,2161154,2025
2025-07-05,2456501,2025
2025-07-06,3041954,2025
2025-07-07,2916531,2025
2025-07-08,2487072,2025
2025-07-09,2554489,2025
2025-07-10,2873345,2025
2025-07-11,2886056,2025
2025-07-12,2588930,2025
2025-07-13,3005374,2025
2025-07-14,2865376,2025
2025-07-15,2556865,2025
2025-07-16,2613762,2025
2025-07-17,2998091,2025
2025-07-18,2959985,2025
2025-07-19,2602761,2025
2025-07-20,3040346,2025
2025-07-21,2886252,2025
2025-07-22,2451222,2025
2025-07-23,2629875,2025
2025-07-24,2968619,2025
2025-07-25,2969666,2025
2025-07-26,2669445,2025
2025-07-27,3017408,2025
2025-07-28,2929234,2025
2025-07-29,2438709,2025
2025-07-30,2574460,2025
2025-07-31,2882789,2025
2025-08-01,2993737,2025
2025-08-02,2638695,2025
2025-08-03,2980650,2025
2025-08-04,2854799,2025
2025-08-05,2363977,2025
2025-08-06,2448168,2025
2025-08-07,2892960,2025
2025-08-08,2852629,2025
2025-08-09,2461959,2025
2025-08-10,2960349,2025
2025-08-11,2763671,2025
2025-08-12,2256082,2025
2025-08-13,2331215,2025
2025-08-14,2832747,2025
2025-08-15,2795461,2025
2025-08-16,2360311,2025
2025-08-17,2907207,2025
2025-08-18,2704335,2025
2025-08-19,2187079,2025
2025-08-20,2293657,2025
2025-08-21,2731265,2025
2025-08-22,2663676,2025
2025-08-23,2185304,2025
2025-08-24,2786528,2025
2025-08-25,2506400,2025
2025-08-26,1950908,2025
2025-08-27,2230026,2025
2025-08-28,2833372,2025
2025-08-29,2971217,2025
2025-08-30,2223164,2025
2025-08-31,2343037,2025
2025-09-01,2835928,2025
2025-09-02,2276198,2025
2025-09-03,1965877,2025
2025-09-04,2305711,2025
2025-09-05,2426941,2025
2025-09-06,1922326,2025
2025-09-07,2673408,2025
2025-09-08,2456320,2025
2025-09-09,1896842,2025
2025-09-10,2105826,2025
2025-09-11,2610879,2025
2025-09-12,2669491,2025
2025-09-13,2019203,2025
2025-09-14,2810713,2025
2025-09-15,2590221,2025
2025-09-16,2003585,2025
2025-09-17,2219220,2025
2025-09-18,2788214,2025
2025-09-19,2788215,2025
2025-09-20,2140805,2025
2025-09-21,2848891,2025
2025-09-22,2530918,2025
2025-09-23,1974883,2025
2025-09-24,2165823,2025
2025-09-25,2739557,2025
2025-09-26,2740063,2025
2025-09-27,2082808,2025
2025-09-28,2776800,2025
2025-09-29,2576867,2025
2025-09-30,2005089,2025
2025-10-01,2199304,2025
2025-10-02,2672079,2025
2025-10-03,2697462,2025
2025-10-04,2091243,2025
2025-10-05,2900935,2025
2025-10-06,2686857,2025
2025-10-07,2104406,2025
2025-10-08,2417056,2025
2025-10-09,2975612,2025
2025-10-10,2947752,2025
2025-10-11,2380989,2025
2025-10-12,2951104,2025
2025-10-13,2874752,2025
2025-10-14,2412875,2025
2025-10-15,2438954,2025
2025-10-16,2901105,2025
2025-10-17,2878843,2025
2025-10-18,2268322,2025
2025-10-19,2988322,2025
2025-10-20,2794533,2025
2025-10-21,2141945,2025
2025-10-22,2278064,2025
2025-10-23,2780271,2025
2025-10-24,2773323,2025
2025-10-25,2126508,2025
2025-10-26,2857742,2025
2025-10-27,2636195,2025
2025-10-28,1944648,2025
2025-10-29,2087399,2025
2025-10-30,2531985,2025
2025-10-31,2678000,2025
2025-11-01,2029517,2025
2025-11-02,2279000,2025
2025-11-03,2492532,2025
2025-11-04,2015297,2025
2025-11-05,2162183,2025
2025-11-06,2703787,2025
2025-11-07,2645075,2025
2025-11-08,2079739,2025
2025-11-09,2631038,2025
2025-11-10,2488125,2025
2025-11-11,2054393,2025
2025-11-12,1995924,2025
2025-11-13,2434486,2025
2025-11-14,2455786,2025
2025-11-15,1902011,2025
2025-11-16,2602426,2025
2025-11-17,2349038,2025
2025-11-18,1816481,2025
2025-11-19,2072431,2025
2025-11-20,2493309,2025
2025-11-21,2791372,2025
2025-11-22,2482235,2025
2025-11-23,2616886,2025
2025-11-24,2563470,2025
2025-11-25,2674734,2025
2025-11-26,2752940,2025
2025-11-27,1559048,2025
2025-11-28,2391957,2025
2025-11-29,2695940,2025
2025-11-30,3133924,2025
2025-12-01,2889561,2025
2025-12-02,2233785,2025
2025-12-03,2124624,2025
2025-12-04,2437056,2025
2025-12-05,2456362,2025
2025-12-06,1987805,2025
2025-12-07,2597463,2025
2025-12-08,2471255,2025
2025-12-09,1977087,2025
2025-12-10,2160900,2025
2025-12-11,2585204,2025
2025-12-12,2651519,2025
2025-12-13,2154293,2025
2025-12-14,2586212,2025
